system,query word,query datetime,dataset,openalex id,doi,title,publisher,year,type,publication venue,authors,institutions,reference,cited by,fwci,citation percentile (by year/subfield),primary topic,primary subfield,primary field,primary domain,is oa,open access status,source type,retracted,language,country,from global south
Gemini,Reinforcement Learning,2026-04-27 19:00:00,OpenAlex,https://openalex.org/W2100677568,https://doi.org/10.1023/a:1022633531479,Learning to Predict by the Methods of Temporal Differences,Springer,1988,article,Machine Learning,Richard S. Sutton,,50,3928.0,60.579,0.99922444,Evolutionary Algorithms and Applications,Artificial Intelligence,Computer Science,Physical Sciences,true,bronze,journal,false,English,Unknown,false
Gemini,Reinforcement Learning,2026-04-27 19:00:00,OpenAlex,https://openalex.org/W32403112,https://doi.org/10.1007/bf00992698,Q-learning,Springer,1992,article,Machine Learning,Christopher J. Watkins; Peter Dayan,The FRAM Centre; University of Edinburgh,14,8935.0,19.5304,0.99330609,Reinforcement Learning in Robotics,Artificial Intelligence,Computer Science,Physical Sciences,true,bronze,journal,false,English,NO; GB,false
Gemini,Reinforcement Learning,2026-04-27 19:00:00,OpenAlex,https://openalex.org/W2119717200,https://doi.org/10.1007/bf00992696,Simple statistical gradient-following algorithms for connectionist reinforcement learning,Springer,1992,article,Machine Learning,Ronald J. Williams,Northeastern University,41,7430.0,14.5083,0.98926367,Evolutionary Algorithms and Applications,Artificial Intelligence,Computer Science,Physical Sciences,true,bronze,journal,false,English,US,false
Gemini,Reinforcement Learning,2026-04-27 19:00:00,OpenAlex,https://openalex.org/W2155027007,,Policy Gradient Methods for Reinforcement Learning with Function Approximation,,1999,article,,Richard S. Sutton; David McAllester; Satinder Singh; Yishay Mansour,AT&T (United States),18,4964.0,26.5526,0.99642746,Reinforcement Learning in Robotics,Artificial Intelligence,Computer Science,Physical Sciences,false,closed,,false,English,US,false
Gemini,Reinforcement Learning,2026-04-27 19:00:00,OpenAlex,https://openalex.org/W1757796397,https://doi.org/10.48550/arxiv.1312.5602,Playing Atari with Deep Reinforcement Learning,Cornell University,2013,preprint,arXiv,Volodymyr Mnih; Koray Kavukcuoglu; David Silver; Alex Graves; Ioannis Antonoglou; Daan Wierstra; Martin Riedmiller,,29,5121.0,,,Reinforcement Learning in Robotics,Artificial Intelligence,Computer Science,Physical Sciences,true,green,repository,false,English,Unknown,false
Gemini,Reinforcement Learning,2026-04-27 19:00:00,OpenAlex,https://openalex.org/W2145339207,https://doi.org/10.1038/nature14236,Human-level control through deep reinforcement learning,Nature,2015,article,Nature,Volodymyr Mnih; Koray Kavukcuoglu; David Silver; Andrei A. Rusu; Joel Veness; Marc G. Bellemare; Alex Graves; Martin Riedmiller; Andreas Fidjeland; Georg Ostrovski; Stig Petersen; Charles Beattie; Amir Sadik; Ioannis Antonoglou; Helen King; Dharshan Kumaran; Daan Wierstra; Shane Legg; Demis Hassabis,Google (United Kingdom); DeepMind (United Kingdom),38,29356.0,585.6364,1.0,Neural dynamics and brain function,Cognitive Neuroscience,Neuroscience,Life Sciences,false,closed,journal,false,English,GB,false
Gemini,Reinforcement Learning,2026-04-27 19:00:00,OpenAlex,https://openalex.org/W2155968351,https://doi.org/10.1609/aaai.v30i1.10295,Deep Reinforcement Learning with Double Q-Learning,Association for the Advancement of Artificial Intelligence,2016,article,Proceedings of the AAAI Conference on Artificial Intelligence,Hado van Hasselt; Arthur Guez; David Silver,Google (United States); DeepMind (United Kingdom),34,3519.0,287.0408,1.0,Reinforcement Learning in Robotics,Artificial Intelligence,Computer Science,Physical Sciences,true,diamond,conference,false,English,US; GB,false
Gemini,Reinforcement Learning,2026-04-27 19:00:00,OpenAlex,https://openalex.org/W2201581102,https://doi.org/10.48550/arxiv.1511.05952,Prioritized Experience Replay,Cornell University,2015,preprint,arXiv,Tom Schaul; John Quan; Ioannis Antonoglou; David Silver,DeepMind (United Kingdom); Google (United States),29,2036.0,,,Neural dynamics and brain function,Cognitive Neuroscience,Neuroscience,Life Sciences,true,green,repository,false,English,GB; US,false
Gemini,Reinforcement Learning,2026-04-27 19:00:00,OpenAlex,https://openalex.org/W2173564293,https://doi.org/10.48550/arxiv.1511.06581,Dueling Network Architectures for Deep Reinforcement Learning,Cornell University,2015,article,arXiv,Ziyu Wang; Tom Schaul; Matteo Hessel; Hado van Hasselt; Marc Lanctot; Nando de Freitas,Google (United Kingdom); DeepMind (United Kingdom),23,1815.0,,,Reinforcement Learning in Robotics,Artificial Intelligence,Computer Science,Physical Sciences,true,green,repository,false,English,GB,false
Gemini,Reinforcement Learning,2026-04-27 19:00:00,OpenAlex,https://openalex.org/W2260756217,https://doi.org/10.48550/arxiv.1602.01783,Asynchronous Methods for Deep Reinforcement Learning,Cornell University,2016,preprint,arXiv,Volodymyr Mnih; Adrià Puigdomènech Badia; Mehdi Mirza; Alex Graves; Timothy Lillicrap; Tim Harley; David Silver; Koray Kavukcuoglu,,32,1690.0,,,Reinforcement Learning in Robotics,Artificial Intelligence,Computer Science,Physical Sciences,true,green,repository,false,English,Unknown,false
Gemini,Reinforcement Learning,2026-04-27 19:00:00,OpenAlex,https://openalex.org/W1771410628,https://doi.org/10.48550/arxiv.1502.05477,Trust Region Policy Optimization,Cornell University,2015,article,arXiv,John Schulman; Sergey Levine; Philipp Moritz; Michael I. Jordan; Pieter Abbeel,"University of California, Berkeley",32,3131.0,,,Reinforcement Learning in Robotics,Artificial Intelligence,Computer Science,Physical Sciences,true,green,repository,false,English,US,false
Gemini,Reinforcement Learning,2026-04-27 19:00:00,Semantic Scholar,,,Proximal Policy Optimization Algorithms,,2017,,arXiv,John Schulman; Filip Wolski; Prafulla Dhariwal; Alec Radford; Oleg Klimov,,14,26815.0,,,Computer Science,,,,true,open,,Unknown,Unknown,Unknown,Unknown
Gemini,Reinforcement Learning,2026-04-27 19:00:00,OpenAlex,https://openalex.org/W2963864421,,Continuous control with deep reinforcement learning,Cornell University,2016,article,arXiv,Timothy Lillicrap; Jonathan J. Hunt; Alexander Pritzel; Nicolas Heess; Tom Erez; Yuval Tassa; David Silver; Daan Wierstra,Google (United States); Google DeepMind (United Kingdom),31,6777.0,503.2782,0.99995514,Reinforcement Learning in Robotics,Artificial Intelligence,Computer Science,Physical Sciences,true,green,repository,false,English,US; GB,false
Gemini,Reinforcement Learning,2026-04-27 19:00:00,OpenAlex,https://openalex.org/W2257979135,https://doi.org/10.1038/nature16961,Mastering the game of Go with deep neural networks and tree search,Nature,2016,article,Nature,David Silver; Aja Huang; Chris J. Maddison; Arthur Guez; Laurent Sifre; George van den Driessche; Julian Schrittwieser; Ioannis Antonoglou; Veda Panneershelvam; Marc Lanctot; Sander Dieleman; Dominik Grewe; John Nham; Nal Kalchbrenner; Ilya Sutskever; Timothy Lillicrap; Madeleine Leach; Koray Kavukcuoglu; Thore Graepel; Demis Hassabis,Google (United Kingdom); DeepMind (United Kingdom); Google (United States),66,15640.0,2219.9277,1.0,Artificial Intelligence in Games,Artificial Intelligence,Computer Science,Physical Sciences,false,closed,journal,false,English,GB; US,false
Gemini,Reinforcement Learning,2026-04-27 19:00:00,OpenAlex,https://openalex.org/W2766447205,https://doi.org/10.1038/nature24270,Mastering the game of Go without human knowledge,Nature,2017,article,Nature,David Silver; Julian Schrittwieser; Karen Simonyan; Ioannis Antonoglou; Aja Huang; Arthur Guez; Thomas Hubert; Lucas Baker; Matthew Lai; Adrian Bolton; Yutian Chen; Timothy Lillicrap; Fan Hui; Laurent Sifre; George van den Driessche; Thore Graepel; Demis Hassabis,Google DeepMind (United Kingdom),66,9089.0,729.6431,0.99996389,Artificial Intelligence in Games,Artificial Intelligence,Computer Science,Physical Sciences,false,closed,journal,false,English,GB,false
Gemini,Reinforcement Learning,2026-04-27 19:00:00,OpenAlex,https://openalex.org/W2902907165,https://doi.org/10.1126/science.aar6404,"A general reinforcement learning algorithm that masters chess, shogi, and Go through self-play",American Association for the Advancement of Science,2018,article,Science,David Silver; Thomas Hubert; Julian Schrittwieser; Ioannis Antonoglou; Matthew Lai; Arthur Guez; Marc Lanctot; Laurent Sifre; Dharshan Kumaran; Thore Graepel; Timothy Lillicrap; Karen Simonyan; Demis Hassabis,Google DeepMind (United Kingdom); University College London,31,3471.0,229.0095,0.99994043,Artificial Intelligence in Games,Artificial Intelligence,Computer Science,Physical Sciences,true,green,journal,false,English,GB,false
Gemini,Reinforcement Learning,2026-04-27 19:00:00,OpenAlex,https://openalex.org/W2982316857,https://doi.org/10.1038/s41586-019-1724-z,Grandmaster level in StarCraft II using multi-agent reinforcement learning,Nature,2019,article,Nature,Oriol Vinyals; I. Babuschkin; Wojciech Marian Czarnecki; Michaël Mathieu; Andrew Dudzik; Jun‐Young Chung; David Choi; Richard Powell; Timo Ewalds; Petko Georgiev; Junhyuk Oh; Dan Horgan; Matthias Kroiß; Ivo Danihelka; Aja Huang; Laurent Sifre; Trevor Cai; John Agapiou; Max Jaderberg; Alexander Sasha Vezhnevets; Rémi Leblond; Tobias Pohlen; Valentin Dalibard; David Budden; Yury Sulsky; James Molloy; Tom Le Paine; Çaǧlar Gülçehre; Ziyu Wang; Tobias Pfaff; Yuhuai Wu; Roman Ring; Dani Yogatama; Dario Wünsch; Katrina McKinney; Oliver Smith; Tom Schaul; Timothy Lillicrap; Koray Kavukcuoglu; Demis Hassabis; Chris Apps; David Silver,DeepMind (United Kingdom),60,3373.0,246.0789,0.99986974,Artificial Intelligence in Games,Artificial Intelligence,Computer Science,Physical Sciences,false,closed,journal,false,English,GB,false
Gemini,Reinforcement Learning,2026-04-27 19:00:00,OpenAlex,https://openalex.org/W2996037775,https://doi.org/10.48550/arxiv.1912.06680,Dota 2 with Large Scale Deep Reinforcement Learning,Cornell University,2019,preprint,arXiv,"OpenAI; :; Christopher Berner; Greg Brockman; Brooke Chan; Vicki Cheung; Dębiak, Przemysław; Christy Dennison; David Farhi; Quirin Fischer; Shariq Hashme; Hesse, Chris; Rafał Józefowicz; Scott Gray; Catherine Olsson; Jakub Pachocki; Michael Petrov; Pinto, Henrique P. d. O.; Jonathan Raiman; Tim Salimans; Jeremy Schlatter; Jonas Schneider; Szymon Sidor; Ilya Sutskever; Jie Tang; Filip Wolski; Susan Zhang",,37,1044.0,,,Reinforcement Learning in Robotics,Artificial Intelligence,Computer Science,Physical Sciences,true,green,repository,false,English,Unknown,false
Gemini,Reinforcement Learning,2026-04-27 19:00:00,OpenAlex,https://openalex.org/W2739473244,https://doi.org/10.48550/arxiv.1707.06887,A Distributional Perspective on Reinforcement Learning,Cornell University,2017,preprint,arXiv,Marc G. Bellemare; Will Dabney; Rémi Munos,Google (United States); Amazon (United States),38,241.0,,,Reinforcement Learning in Robotics,Artificial Intelligence,Computer Science,Physical Sciences,true,green,repository,false,English,US,false
Gemini,Reinforcement Learning,2026-04-27 19:00:00,OpenAlex,https://openalex.org/W2761873684,https://doi.org/10.1609/aaai.v32i1.11796,Rainbow: Combining Improvements in Deep Reinforcement Learning,Association for the Advancement of Artificial Intelligence,2018,article,Proceedings of the AAAI Conference on Artificial Intelligence,Matteo Hessel; Joseph Modayil; Hado van Hasselt; Tom Schaul; Georg Ostrovski; Will Dabney; Dan Horgan; Bilal Piot; Mohammad Gheshlaghi Azar; David Silver,DeepMind (United Kingdom),58,1702.0,56.3884,0.9990142,Reinforcement Learning in Robotics,Artificial Intelligence,Computer Science,Physical Sciences,true,diamond,conference,false,English,GB,false
Gemini,Reinforcement Learning,2026-04-27 19:00:00,OpenAlex,https://openalex.org/W2781726626,https://doi.org/10.48550/arxiv.1801.01290,Soft Actor-Critic: Off-Policy Maximum Entropy Deep Reinforcement Learning with a Stochastic Actor,Cornell University,2018,preprint,arXiv,Tuomas Haarnoja; Aurick Zhou; Pieter Abbeel; Sergey Levine,,34,3485.0,,,Reinforcement Learning in Robotics,Artificial Intelligence,Computer Science,Physical Sciences,true,green,repository,false,English,Unknown,false
Gemini,Reinforcement Learning,2026-04-27 19:00:00,OpenAlex,https://openalex.org/W2904246096,https://doi.org/10.48550/arxiv.1812.05905,Soft Actor-Critic Algorithms and Applications,Cornell University,2018,preprint,arXiv,Tuomas Haarnoja; Aurick Zhou; Kristian Hartikainen; George Tucker; Sehoon Ha; Jie Tan; Vikash Kumar; Henry Zhu; Abhishek Gupta; Pieter Abbeel; Sergey Levine,,44,1939.0,,,Reinforcement Learning in Robotics,Artificial Intelligence,Computer Science,Physical Sciences,true,green,repository,false,English,Unknown,false
Gemini,Reinforcement Learning,2026-04-27 19:00:00,OpenAlex,https://openalex.org/W1491843047,https://doi.org/10.1016/b978-1-55860-141-3.50030-4,"Integrated Architectures for Learning, Planning, and Reacting Based on Approximating Dynamic Programming",Elsevier,1990,book chapter,Elsevier eBooks,Richard S. Sutton,,24,1366.0,51.4926,0.99967825,Reinforcement Learning in Robotics,Artificial Intelligence,Computer Science,Physical Sciences,false,closed,ebook platform,false,English,Unknown,false
Gemini,Reinforcement Learning,2026-04-27 19:00:00,Crossref,,https://doi.org/10.1007/bfb0007224,World models,Springer,1978,book chapter,Lecture Notes in Control and Information Sciences,D. C. J. de Jongh,,8,,,,,,,,Unknown,,,Unknown,Unknown,Unknown,Unknown
Gemini,Reinforcement Learning,2026-04-27 19:00:00,OpenAlex,https://openalex.org/W2992977009,https://doi.org/10.48550/arxiv.1912.01603,Dream to Control: Learning Behaviors by Latent Imagination,Cornell University,2019,preprint,arXiv,Danijar Hafner; Timothy Lillicrap; Jimmy Ba; Mohammad Norouzi,University of Toronto; University College London; Google (United States),65,137.0,,,Reinforcement Learning in Robotics,Artificial Intelligence,Computer Science,Physical Sciences,true,green,repository,false,English,CA; GB; US,false
Gemini,Reinforcement Learning,2026-04-27 19:00:00,OpenAlex,https://openalex.org/W3091507139,https://doi.org/10.48550/arxiv.2010.02193,Mastering Atari with Discrete World Models,Cornell University,2020,preprint,arXiv,Danijar Hafner; Timothy Lillicrap; Mohammad Norouzi; Jimmy Ba,University of Oxford; Google (United States),74,23.0,,,Reinforcement Learning in Robotics,Artificial Intelligence,Computer Science,Physical Sciences,true,green,repository,false,English,GB; US,false
Gemini,Reinforcement Learning,2026-04-27 19:00:00,OpenAlex,https://openalex.org/W2963276097,,Unifying count-based exploration and intrinsic motivation,,2016,article,Neural Information Processing Systems,Marc G. Bellemare; Sriram Srinivasan; Georg Ostrovski; Tom Schaul; David Saxton; Rémi Munos,Google DeepMind (United Kingdom); Google (United Kingdom),20,672.0,52.3674,0.99768197,Reinforcement Learning in Robotics,Artificial Intelligence,Computer Science,Physical Sciences,false,closed,conference,false,English,GB,false
Gemini,Reinforcement Learning,2026-04-27 19:00:00,OpenAlex,https://openalex.org/W2899205164,https://doi.org/10.48550/arxiv.1810.12894,Exploration by Random Network Distillation,Cornell University,2018,preprint,arXiv,Yuri Burda; Harrison Edwards; Amos Storkey; Oleg Klimov,OpenAI (United States),41,259.0,,,Reinforcement Learning in Robotics,Artificial Intelligence,Computer Science,Physical Sciences,true,green,repository,false,English,US,false
Gemini,Reinforcement Learning,2026-04-27 19:00:00,OpenAlex,https://openalex.org/W2614839826,https://doi.org/10.1109/cvprw.2017.70,Curiosity-Driven Exploration by Self-Supervised Prediction,,2017,preprint,,Deepak Pathak; Pulkit Agrawal; Alexei A. Efros; Trevor Darrell,"University of California, Berkeley; University of California System",41,688.0,88.3455,0.99936805,Reinforcement Learning in Robotics,Artificial Intelligence,Computer Science,Physical Sciences,true,green,,false,English,US,false
Gemini,Reinforcement Learning,2026-04-27 19:00:00,OpenAlex,https://openalex.org/W2914261249,https://doi.org/10.48550/arxiv.1901.10995,Go-Explore: a New Approach for Hard-Exploration Problems,Cornell University,2019,preprint,arXiv,Adrien Ecoffet; Joost Huizinga; Joel Lehman; Kenneth O. Stanley; Jeff Clune,,99,225.0,,,Reinforcement Learning in Robotics,Artificial Intelligence,Computer Science,Physical Sciences,true,green,repository,false,English,Unknown,false
Gemini,Reinforcement Learning,2026-04-27 19:00:00,OpenAlex,https://openalex.org/W2963704132,https://doi.org/10.57702/vkcnqiqb,Off-Policy Deep Reinforcement Learning without Exploration,,2024,article,TIB Data Manager,Scott Fujimoto,McGill University,0,300.0,,,Reinforcement Learning in Robotics,Artificial Intelligence,Computer Science,Physical Sciences,true,green,repository,false,English,CA,false
Gemini,Reinforcement Learning,2026-04-27 19:00:00,OpenAlex,https://openalex.org/W3033324992,https://doi.org/10.48550/arxiv.2006.04779,Conservative Q-Learning for Offline Reinforcement Learning,Cornell University,2020,preprint,arXiv,Aviral Kumar; Aurick Zhou; George Tucker; Sergey Levine,"University of California, Berkeley",60,535.0,,,Reinforcement Learning in Robotics,Artificial Intelligence,Computer Science,Physical Sciences,true,green,repository,false,English,US,false
Gemini,Reinforcement Learning,2026-04-27 19:00:00,Crossref,,https://doi.org/10.4324/9781315791227,Implicit Learning,Psychology Press,2019,book chapter,,Dianne C. Berry; Zoltán Dienes,,0,0.0,,,,,,,Unknown,,,Unknown,Unknown,Unknown,Unknown
Gemini,Reinforcement Learning,2026-04-27 19:00:00,OpenAlex,https://openalex.org/W3172360140,https://doi.org/10.48550/arxiv.2106.06860,A Minimalist Approach to Offline Reinforcement Learning,Cornell University,2021,preprint,arXiv,Scott Fujimoto; Shixiang Gu,,56,164.0,,,Reinforcement Learning in Robotics,Artificial Intelligence,Computer Science,Physical Sciences,true,green,repository,false,English,Unknown,false
Gemini,Reinforcement Learning,2026-04-27 19:00:00,OpenAlex,https://openalex.org/W3169291081,https://doi.org/10.48550/arxiv.2106.01345,Decision Transformer: Reinforcement Learning via Sequence Modeling,Cornell University,2021,preprint,arXiv,Lili Chen; Kevin Lü; Aravind Rajeswaran; Kimin Lee; Aditya Grover; Michael Laskin; Pieter Abbeel; Aravind Srinivas; Igor Mordatch,,66,465.0,,,Reinforcement Learning in Robotics,Artificial Intelligence,Computer Science,Physical Sciences,true,green,repository,false,English,Unknown,false
Gemini,Reinforcement Learning,2026-04-27 19:00:00,OpenAlex,https://openalex.org/W3213789840,https://doi.org/10.48550/arxiv.2106.02039,Offline Reinforcement Learning as One Big Sequence Modeling Problem,Cornell University,2021,article,arXiv,Michael Jänner; Qiyang Li; Sergey Levine,"University of California, Berkeley; University of Toronto; Google (United States)",0,41.0,,,Reinforcement Learning in Robotics,Artificial Intelligence,Computer Science,Physical Sciences,true,green,repository,false,English,US; CA,false
Gemini,Reinforcement Learning,2026-04-27 19:00:00,OpenAlex,https://openalex.org/W2434014514,https://doi.org/10.48550/arxiv.1606.03476,Generative Adversarial Imitation Learning,Cornell University,2016,preprint,arXiv,Jonathan Ho; Stefano Ermon,OpenAI (United States); Stanford University,21,369.0,,,Reinforcement Learning in Robotics,Artificial Intelligence,Computer Science,Physical Sciences,true,green,repository,false,English,US,false
Gemini,Reinforcement Learning,2026-04-27 19:00:00,OpenAlex,https://openalex.org/W1931877416,https://doi.org/10.1184/r1/6550949,A Reduction of Imitation Learning and Structured Prediction to No-Regret Online Learning,Cornell University,2010,preprint,arXiv,Stéphane Ross; Geoffrey J. Gordon; J. Andrew Bagnell,Carnegie Mellon University,0,842.0,3.6277,0.92452553,Advanced Bandit Algorithms Research,Management Science and Operations Research,Decision Sciences,Social Sciences,true,green,repository,false,English,US,false
Gemini,Reinforcement Learning,2026-04-27 19:00:00,Semantic Scholar,,https://doi.org/10.2460/AJVR.67.2.323,Algorithms for Inverse Reinforcement Learning,,2000,,International Conference on Machine Learning,Andrew Y. Ng; Stuart J. Russell,,15,2401.0,,,Chemistry,,,,true,open,,Unknown,Unknown,Unknown,Unknown
Gemini,Reinforcement Learning,2026-04-27 19:00:00,OpenAlex,https://openalex.org/W2109910161,https://doi.org/10.1016/s0004-3702(99)00052-1,Between MDPs and semi-MDPs: A framework for temporal abstraction in reinforcement learning,Elsevier,1999,article,Artificial Intelligence,Richard S. Sutton; Doina Precup; Satinder Singh,AT&T (United States); University of Massachusetts Amherst,75,3091.0,34.8798,0.99801542,Reinforcement Learning in Robotics,Artificial Intelligence,Computer Science,Physical Sciences,false,closed,journal,false,English,US,false
Gemini,Reinforcement Learning,2026-04-27 19:00:00,OpenAlex,https://openalex.org/W2523728418,https://doi.org/10.1609/aaai.v31i1.10916,The Option-Critic Architecture,Association for the Advancement of Artificial Intelligence,2017,preprint,Proceedings of the AAAI Conference on Artificial Intelligence,Pierre‐Luc Bacon; Jean Harb; Doina Precup,McGill University,28,209.0,19.0577,0.99227613,Reinforcement Learning in Robotics,Artificial Intelligence,Computer Science,Physical Sciences,true,diamond,conference,false,English,CA,false
Gemini,Reinforcement Learning,2026-04-27 19:00:00,OpenAlex,https://openalex.org/W2594829461,https://doi.org/10.48550/arxiv.1703.01161,FeUdal Networks for Hierarchical Reinforcement Learning,Cornell University,2017,article,arXiv,Alexander Sasha Vezhnevets; Simon Osindero; Tom Schaul; Nicolas Heess; Max Jaderberg; David Silver; Koray Kavukcuoglu,Google (United States); Yahoo (United Kingdom),0,252.0,,,Reinforcement Learning in Robotics,Artificial Intelligence,Computer Science,Physical Sciences,true,green,repository,false,English,US; GB,false
Gemini,Reinforcement Learning,2026-04-27 19:00:00,OpenAlex,https://openalex.org/W2623431351,https://doi.org/10.48550/arxiv.1706.02275,Multi-Agent Actor-Critic for Mixed Cooperative-Competitive Environments,Cornell University,2017,preprint,arXiv,Ryan Lowe,,38,1014.0,,,Reinforcement Learning in Robotics,Artificial Intelligence,Computer Science,Physical Sciences,true,green,repository,false,English,Unknown,false
Gemini,Reinforcement Learning,2026-04-27 19:00:00,OpenAlex,https://openalex.org/W2794643322,https://doi.org/10.48550/arxiv.1803.11485,QMIX: Monotonic Value Function Factorisation for Deep Multi-Agent Reinforcement Learning,Cornell University,2018,preprint,arXiv,Tabish Rashid; Mikayel Samvelyan; Christian Schroeder de Witt; Gregory Farquhar; Jakob Foerster; Shimon Whiteson,University of Oxford; Meta (Israel),77,352.0,,,Reinforcement Learning in Robotics,Artificial Intelligence,Computer Science,Physical Sciences,true,green,repository,false,English,GB; IL,false
Gemini,Reinforcement Learning,2026-04-27 19:00:00,OpenAlex,https://openalex.org/W2616964725,https://doi.org/10.48550/arxiv.1705.10528,Constrained Policy Optimization,Cornell University,2017,preprint,arXiv,Joshua Achiam; David Held; Aviv Tamar; Pieter Abbeel,"Berkeley College; University of California, Berkeley; OpenAI (United States)",20,112.0,,,Reinforcement Learning in Robotics,Artificial Intelligence,Computer Science,Physical Sciences,true,green,repository,false,English,US,false
Gemini,Reinforcement Learning,2026-04-27 19:00:00,OpenAlex,https://openalex.org/W2604763608,https://doi.org/10.48550/arxiv.1703.03400,Model-Agnostic Meta-Learning for Fast Adaptation of Deep Networks,Cornell University,2017,preprint,arXiv,Chelsea Finn; Pieter Abbeel; Sergey Levine,"University of California, Berkeley; OpenAI (United States)",32,5764.0,,,Domain Adaptation and Few-Shot Learning,Artificial Intelligence,Computer Science,Physical Sciences,true,green,repository,false,English,US,false
Gemini,Reinforcement Learning,2026-04-27 19:00:00,OpenAlex,https://openalex.org/W2738669288,https://doi.org/10.48550/arxiv.1707.06203,Imagination-Augmented Agents for Deep Reinforcement Learning,Cornell University,2017,preprint,arXiv,"Théophane Weber; Sébastien Racanière; David Reichert; Lars Buesing; Arthur Guez; Danilo Jimenez Rezende; Adrià Puigdomènech Badia; Oriol Vinyals; Nicolas Heess; Yujia Li; Razvan Pascanu; Peter Battaglia; Hassabis, Demis; David Silver; Daan Wierstra",,0,211.0,,,Reinforcement Learning in Robotics,Artificial Intelligence,Computer Science,Physical Sciences,true,green,repository,false,English,Unknown,false
Gemini,Reinforcement Learning,2026-04-27 19:00:00,OpenAlex,https://openalex.org/W2990747716,https://doi.org/10.1177/0278364919887447,Learning dexterous in-hand manipulation,SAGE Publishing,2019,article,The International Journal of Robotics Research,OpenAI Marcin Andrychowicz; Bowen Baker; Maciek Chociej; Rafał Józefowicz; Bob McGrew; Jakub Pachocki; Arthur J Petron; Matthias Plappert; Glenn Powell; Alex Ray; Jonas Schneider; Szymon Sidor; Josh Tobin; Peter Welinder; Lilian Weng; Wojciech Zaremba,OpenAI (United States),45,1566.0,142.1808,1.0,Robot Manipulation and Learning,Control and Systems Engineering,Engineering,Physical Sciences,true,bronze,journal,false,English,US,false
Gemini,Reinforcement Learning,2026-04-27 19:00:00,OpenAlex,https://openalex.org/W2733961795,https://doi.org/10.48550/arxiv.1707.01495,Hindsight Experience Replay,Cornell University,2017,preprint,arXiv,Marcin Andrychowicz; Filip Wolski; Alex Ray; Jonas Schneider; Rachel Fong; Peter Welinder; Bob McGrew; Josh Tobin; Pieter Abbeel; Wojciech Zaremba,,44,352.0,,,Reinforcement Learning in Robotics,Artificial Intelligence,Computer Science,Physical Sciences,true,green,repository,false,English,Unknown,false
Gemini,Reinforcement Learning,2026-04-27 19:00:00,OpenAlex,https://openalex.org/W2131600418,https://doi.org/10.1145/203330.203343,Temporal difference learning and TD-Gammon,Association for Computing Machinery,1995,article,Communications of the ACM,Gerald Tesauro,IBM Research - Thomas J. Watson Research Center,7,1479.0,25.9424,0.99616858,Artificial Intelligence in Games,Artificial Intelligence,Computer Science,Physical Sciences,true,bronze,journal,false,English,US,false
Gemini,Reinforcement Learning,2026-04-27 19:00:00,OpenAlex,https://openalex.org/W2551887912,https://doi.org/10.48550/arxiv.1611.05397,Reinforcement Learning with Unsupervised Auxiliary Tasks,Cornell University,2016,article,arXiv,Max Jaderberg; Volodymyr Mnih; Wojciech Marian Czarnecki; Tom Schaul; Joel Z. Leibo; David Silver; Koray Kavukcuoglu,Google (United States); Jagiellonian University,0,272.0,,,Reinforcement Learning in Robotics,Artificial Intelligence,Computer Science,Physical Sciences,true,green,repository,false,English,US; PL,false
Gemini,Reinforcement Learning,2026-04-27 19:00:00,OpenAlex,https://openalex.org/W166862392,https://doi.org/10.1007/11564096_32,Neural Fitted Q Iteration - First Experiences with a Data Efficient Neural Reinforcement Learning Method,Springer,2005,book chapter,Lecture Notes in Computer Science,Martin Riedmiller,Osnabrück University,15,766.0,9.4511,0.98428309,Neural Networks and Applications,Artificial Intelligence,Computer Science,Physical Sciences,false,closed,book series,false,English,DE,false
Gemini,Reinforcement Learning,2026-04-27 19:00:00,OpenAlex,https://openalex.org/W1601974704,https://doi.org/10.48550/arxiv.1301.3878,PEGASUS: A Policy Search Method for Large MDPs and POMDPs,Cornell University,2013,article,arXiv,Andrew Y. Ng; Michael I. Jordan,"University of California, Berkeley",17,369.0,,,Reinforcement Learning in Robotics,Artificial Intelligence,Computer Science,Physical Sciences,true,green,repository,false,English,US,false
Gemini,Reinforcement Learning,2026-04-27 19:00:00,OpenAlex,https://openalex.org/W2156737235,,Actor-critic algorithms,Massachusetts Institute of Technology,2002,book chapter,DSpace@MIT (Massachusetts Institute of Technology),Vijay R. Konda; John N. Tsitsiklis,Massachusetts Institute of Technology,17,1818.0,8.2288,0.97653959,Reinforcement Learning in Robotics,Artificial Intelligence,Computer Science,Physical Sciences,true,green,repository,false,English,US,false
Gemini,Reinforcement Learning,2026-04-27 19:00:00,OpenAlex,https://openalex.org/W2139418546,https://doi.org/10.1109/9.580874,An analysis of temporal-difference learning with function approximation,Institute of Electrical and Electronics Engineers,1997,article,IEEE Transactions on Automatic Control,John N. Tsitsiklis; Benjamin Van Roy,Decision Systems (United States); Massachusetts Institute of Technology,31,1213.0,26.5966,0.9961568,Machine Learning and Algorithms,Artificial Intelligence,Computer Science,Physical Sciences,true,green,journal,false,English,US,false
Gemini,Reinforcement Learning,2026-04-27 19:00:00,OpenAlex,https://openalex.org/W2586680856,,FOR LEAST-SQUARES POLICY ITERATION,,2016,article,,Devin Schwab,,13,374.0,26.7184,0.99765745,Advanced Control Systems Optimization,Control and Systems Engineering,Engineering,Physical Sciences,false,closed,,false,English,Unknown,false
Gemini,Reinforcement Learning,2026-04-27 19:00:00,OpenAlex,https://openalex.org/W2607198029,,Learning from Demonstrations for Real World Reinforcement Learning,Cornell University,2017,article,arXiv,Todd Hester; Matej Vecerík; Olivier Pietquin; Marc Lanctot; Tom Schaul; Bilal Piot; Andrew Sendonaris; Gabriel Dulac-Arnold; Ian Osband; John Agapiou; Joel Z. Leibo; Audrūnas Gruslys,,35,99.0,14.7578,0.99043244,Reinforcement Learning in Robotics,Artificial Intelligence,Computer Science,Physical Sciences,true,green,repository,false,English,Unknown,false
Gemini,Reinforcement Learning,2026-04-27 19:00:00,OpenAlex,https://openalex.org/W2809461852,https://doi.org/10.1016/j.artint.2021.103500,"A survey of inverse reinforcement learning: Challenges, methods and progress",Elsevier,2021,preprint,Artificial Intelligence,Saurabh Arora; Prashant Doshi,University of Georgia,159,114.0,8.9574,0.98187248,Reinforcement Learning in Robotics,Artificial Intelligence,Computer Science,Physical Sciences,true,bronze,journal,false,English,US,false
Gemini,Reinforcement Learning,2026-04-27 19:00:00,OpenAlex,https://openalex.org/W2258731934,https://doi.org/10.24963/ijcai.2017/700,Value Iteration Networks,,2017,preprint,,Aviv Tamar; Yi Wu; Garrett Thomas; Sergey Levine; Pieter Abbeel,"Berkeley College; University of California, Berkeley; OpenAI (United States)",47,228.0,37.4169,0.99771597,Reinforcement Learning in Robotics,Artificial Intelligence,Computer Science,Physical Sciences,true,gold,,false,English,US,false
Gemini,Reinforcement Learning,2026-04-27 19:00:00,OpenAlex,https://openalex.org/W2528489519,https://doi.org/10.1109/icra.2017.7989324,Deep visual foresight for planning robot motion,,2017,article,,Chelsea Finn; Sergey Levine,"Google (United States); Intel (United States); University of California, Berkeley",54,623.0,67.7447,0.99984331,Robot Manipulation and Learning,Control and Systems Engineering,Engineering,Physical Sciences,false,closed,,false,English,US,false
Gemini,Reinforcement Learning,2026-04-27 19:00:00,OpenAlex,https://openalex.org/W2890208753,https://doi.org/10.48550/arxiv.1809.01999,Recurrent World Models Facilitate Policy Evolution,Cornell University,2018,preprint,arXiv,David Ha; Jürgen Schmidhuber,,0,407.0,,,International Development and Aid,Development,Social Sciences,Social Sciences,true,green,repository,false,English,Unknown,false
Gemini,Reinforcement Learning,2026-04-27 19:00:00,Semantic Scholar,,,Model-Based Value Estimation for Efficient Model-Free Reinforcement Learning,,2018,,arXiv,Vladimir Feinberg; Alvin Wan; Ion Stoica; Michael I. Jordan; Joseph E. Gonzalez; S. Levine,,15,346.0,,,Computer Science; Mathematics,,,,true,open,,Unknown,Unknown,Unknown,Unknown
Gemini,Reinforcement Learning,2026-04-27 19:00:00,OpenAlex,https://openalex.org/W2810754397,https://doi.org/10.48550/arxiv.1807.01675,Sample-Efficient Reinforcement Learning with Stochastic Ensemble Value Expansion,Cornell University,2018,preprint,arXiv,Jacob Buckman; Danijar Hafner; George Tucker; Eugene Brevdo; Honglak Lee,Google (United States),26,97.0,,,Reinforcement Learning in Robotics,Artificial Intelligence,Computer Science,Physical Sciences,true,green,repository,false,English,US,false
Gemini,Reinforcement Learning,2026-04-27 19:00:00,OpenAlex,https://openalex.org/W2547875792,https://doi.org/10.48550/arxiv.1611.01144,Categorical Reparameterization with Gumbel-Softmax,Cornell University,2016,preprint,arXiv,Eric Jang; Shixiang Gu; Ben Poole,,0,3228.0,,,Neural Networks and Applications,Artificial Intelligence,Computer Science,Physical Sciences,true,green,repository,false,English,Unknown,false
Gemini,Reinforcement Learning,2026-04-27 19:00:00,OpenAlex,https://openalex.org/W2963090522,https://doi.org/10.48550/arxiv.1505.05770,Variational Inference with Normalizing Flows,Cornell University,2015,article,arXiv,Danilo Jimenez Rezende; Shakir Mohamed,DeepMind (United Kingdom); Google (United Kingdom),34,1432.0,,,Model Reduction and Neural Networks,Statistical and Nonlinear Physics,Physics and Astronomy,Physical Sciences,true,green,repository,false,English,GB,false
Gemini,Reinforcement Learning,2026-04-27 19:00:00,OpenAlex,https://openalex.org/W2762117857,https://doi.org/10.48550/arxiv.1710.03748,Emergent Complexity via Multi-Agent Competition,Cornell University,2017,preprint,arXiv,Trapit Bansal; Jakub Pachocki; Szymon Sidor; Ilya Sutskever; Igor Mordatch,,31,146.0,,,Reinforcement Learning in Robotics,Artificial Intelligence,Computer Science,Physical Sciences,true,green,repository,false,English,Unknown,false
Gemini,Reinforcement Learning,2026-04-27 19:00:00,OpenAlex,https://openalex.org/W2395575420,https://doi.org/10.48550/arxiv.1605.06676,Learning to Communicate with Deep Multi-Agent Reinforcement Learning,Cornell University,2016,preprint,arXiv,Jakob Foerster; Yannis Assael; Nando de Freitas; Shimon Whiteson,,24,869.0,,,Adversarial Robustness in Machine Learning,Artificial Intelligence,Computer Science,Physical Sciences,true,green,repository,false,English,Unknown,false
Gemini,Reinforcement Learning,2026-04-27 19:00:00,OpenAlex,https://openalex.org/W2617547828,https://doi.org/10.1609/aaai.v32i1.11794,Counterfactual Multi-Agent Policy Gradients,Association for the Advancement of Artificial Intelligence,2018,article,Proceedings of the AAAI Conference on Artificial Intelligence,Jakob Foerster; Gregory Farquhar; Triantafyllos Afouras; Nantas Nardelli; Shimon Whiteson,University of Oxford,61,1599.0,31.8309,0.99566246,Reinforcement Learning in Robotics,Artificial Intelligence,Computer Science,Physical Sciences,true,diamond,conference,false,English,GB,false
Gemini,Reinforcement Learning,2026-04-27 19:00:00,OpenAlex,https://openalex.org/W2411690432,https://doi.org/10.48550/arxiv.1606.02647,Safe and Efficient Off-Policy Reinforcement Learning,Cornell University,2016,preprint,arXiv,"Rémi Munos; Stepleton, Tom; Anna Harutyunyan; Marc G. Bellemare",Google (United States); Vrije Universiteit Brussel,22,94.0,,,Reinforcement Learning in Robotics,Artificial Intelligence,Computer Science,Physical Sciences,true,green,repository,false,English,US; BE,false
Gemini,Reinforcement Learning,2026-04-27 19:00:00,OpenAlex,https://openalex.org/W2962723954,,Randomized prior functions for deep reinforcement learning,,2018,article,Neural Information Processing Systems,Ian Osband; John Aslanides; Albin Cassirer,DeepMind (United Kingdom),56,116.0,8.6272,0.98016827,Reinforcement Learning in Robotics,Artificial Intelligence,Computer Science,Physical Sciences,false,closed,conference,false,English,GB,false
Gemini,Reinforcement Learning,2026-04-27 19:00:00,OpenAlex,https://openalex.org/W2280163991,https://doi.org/10.48550/arxiv.1602.04621,Deep Exploration via Bootstrapped DQN,Cornell University,2016,preprint,arXiv,Ian Osband; Charles Blundell; Alexander Pritzel; Benjamin Van Roy,DeepMind (United Kingdom); Stanford University; Google (United States),39,463.0,,,Reinforcement Learning in Robotics,Artificial Intelligence,Computer Science,Physical Sciences,true,green,repository,false,English,GB; US,false
Gemini,Reinforcement Learning,2026-04-27 19:00:00,OpenAlex,https://openalex.org/W2724169821,https://doi.org/10.48550/arxiv.1706.10295,Noisy Networks for Exploration,Cornell University,2017,preprint,arXiv,Meire Fortunato; Mohammad Gheshlaghi Azar; Bilal Piot; Jacob Menick; Ian Osband; Alex Graves; Vlad Mnih; Rémi Munos; Demis Hassabis; Olivier Pietquin; Charles Blundell; Shane Legg,,44,388.0,,,Reinforcement Learning in Robotics,Artificial Intelligence,Computer Science,Physical Sciences,true,green,repository,false,English,Unknown,false
Gemini,Reinforcement Learning,2026-04-27 19:00:00,OpenAlex,https://openalex.org/W2623491082,https://doi.org/10.48550/arxiv.1706.01905,Parameter Space Noise for Exploration,Cornell University,2017,preprint,arXiv,Matthias Plappert; Rein Houthooft; Prafulla Dhariwal; Szymon Sidor; Richard Y. Chen; Xi Chen; Tamim Asfour; Pieter Abbeel; Marcin Andrychowicz,,34,365.0,,,Reinforcement Learning in Robotics,Artificial Intelligence,Computer Science,Physical Sciences,true,green,repository,false,English,Unknown,false
Gemini,Reinforcement Learning,2026-04-27 19:00:00,OpenAlex,https://openalex.org/W3041764008,https://doi.org/10.48550/arxiv.2007.04938,SUNRISE: A Simple Unified Framework for Ensemble Learning in Deep Reinforcement Learning,Cornell University,2020,preprint,arXiv,Kimin Lee; Michael Laskin; Aravind Srinivas; Pieter Abbeel,"University of California, Berkeley; Berkeley College",60,47.0,,,Reinforcement Learning in Robotics,Artificial Intelligence,Computer Science,Physical Sciences,true,green,repository,false,English,US,false
Gemini,Reinforcement Learning,2026-04-27 19:00:00,OpenAlex,https://openalex.org/W2803281228,https://doi.org/10.48550/arxiv.1805.08296,Data-Efficient Hierarchical Reinforcement Learning,Cornell University,2018,article,arXiv,Ofir Nachum; Shixiang Gu; Honglak Lee; Sergey Levine,Google (United States); Max Planck Society; Max Planck Institute for Intelligent Systems,3,265.0,,,Reinforcement Learning in Robotics,Artificial Intelligence,Computer Science,Physical Sciences,true,green,repository,false,English,US; DE,false
Gemini,Reinforcement Learning,2026-04-27 19:00:00,OpenAlex,https://openalex.org/W2788741142,https://doi.org/10.48550/arxiv.1802.06070,Diversity is All You Need: Learning Skills without a Reward Function,Cornell University,2018,preprint,arXiv,Benjamin Eysenbach; Abhishek Gupta; Julian Ibarz; Sergey Levine,"Carnegie Mellon University; University of California, Berkeley; Google (United States)",0,97.0,,,Reinforcement Learning in Robotics,Artificial Intelligence,Computer Science,Physical Sciences,true,green,repository,false,English,US,false
Gemini,Reinforcement Learning,2026-04-27 19:00:00,OpenAlex,https://openalex.org/W3021708257,https://doi.org/10.48550/arxiv.2004.14990,Reinforcement Learning with Augmented Data,Cornell University,2020,preprint,arXiv,Michael Laskin; Kimin Lee; Adam Stooke; Lerrel Pinto; Pieter Abbeel; Aravind Srinivas,"University of California, Berkeley",54,246.0,,,Reinforcement Learning in Robotics,Artificial Intelligence,Computer Science,Physical Sciences,true,green,repository,false,English,US,false
Gemini,Reinforcement Learning,2026-04-27 19:00:00,OpenAlex,https://openalex.org/W3023640063,https://doi.org/10.48550/arxiv.2004.13649,Image Augmentation Is All You Need: Regularizing Deep Reinforcement Learning from Pixels,Cornell University,2020,preprint,arXiv,Ilya Kostrikov; Denis Yarats; Rob Fergus,Shandong University of Political Science and Law; University of Applied Sciences and Arts of Southern Switzerland; Supélec,58,135.0,,,Domain Adaptation and Few-Shot Learning,Artificial Intelligence,Computer Science,Physical Sciences,true,green,repository,false,English,CN; CH; FR,true
Gemini,Reinforcement Learning,2026-04-27 19:00:00,OpenAlex,https://openalex.org/W2970214542,https://doi.org/10.48550/arxiv.1910.12911,Generalization in Reinforcement Learning with Selective Noise Injection and Information Bottleneck,Cornell University,2019,article,arXiv,Maximilian Igl; Kamil Ciosek; Yingzhen Li; Sebastian Tschiatschek; Cheng Zhang; Sam Devlin; Katja Hofmann,University of Oxford; Microsoft (United States); University of York,0,58.0,,,Reinforcement Learning in Robotics,Artificial Intelligence,Computer Science,Physical Sciences,true,green,repository,false,English,GB; US,false
Gemini,Reinforcement Learning,2026-04-27 19:00:00,OpenAlex,https://openalex.org/W2802726207,https://doi.org/10.24963/ijcai.2018/687,Behavioral Cloning from Observation,,2018,preprint,,Faraz Torabi; Garrett Warnell; Peter Stone,The University of Texas at Austin; DEVCOM Army Research Laboratory,16,33.0,5.3996,0.96477498,Reinforcement Learning in Robotics,Artificial Intelligence,Computer Science,Physical Sciences,true,gold,,false,English,US,false
Gemini,Reinforcement Learning,2026-04-27 19:00:00,OpenAlex,https://openalex.org/W2591957724,https://doi.org/10.48550/arxiv.1703.01703,Third-Person Imitation Learning,Cornell University,2017,preprint,arXiv,Bradly C. Stadie; Pieter Abbeel; Ilya Sutskever,OpenAI (United States),51,132.0,,,Reinforcement Learning in Robotics,Artificial Intelligence,Computer Science,Physical Sciences,true,green,repository,false,English,US,false
Gemini,Reinforcement Learning,2026-04-27 19:00:00,OpenAlex,https://openalex.org/W2998367975,https://doi.org/10.1609/aaai.v34i05.6211,Multi-Agent Game Abstraction via Graph Attention Neural Network,Association for the Advancement of Artificial Intelligence,2020,article,Proceedings of the AAAI Conference on Artificial Intelligence,Yong Liu; Weixun Wang; Yujing Hu; Jianye Hao; Xingguo Chen; Yang Gao,Nanjing University; Tianjin University; NetEase (China); Nanjing University of Posts and Telecommunications,40,229.0,14.7326,0.99186992,Reinforcement Learning in Robotics,Artificial Intelligence,Computer Science,Physical Sciences,true,diamond,conference,false,English,CN,true
Gemini,Reinforcement Learning,2026-04-27 19:00:00,OpenAlex,https://openalex.org/W2975343435,https://doi.org/10.48550/arxiv.1810.09202,Graph Convolutional Reinforcement Learning,Cornell University,2018,preprint,arXiv,Jiechuan Jiang; Chen Dun; Tiejun Huang; Zongqing Lu,Peking University; Rice University,37,32.0,,,Reinforcement Learning in Robotics,Artificial Intelligence,Computer Science,Physical Sciences,true,green,repository,false,English,CN; US,true
Gemini,Reinforcement Learning,2026-04-27 19:00:00,OpenAlex,https://openalex.org/W2912555327,https://doi.org/10.48550/arxiv.1803.08475,"Attention, Learn to Solve Routing Problems!",University of Amsterdam,2018,article,UvA-DARE (University of Amsterdam),Wouter Kool; Herke van Hoof; Max Welling,Harvard University Press; University of Amsterdam; Amsterdam University of the Arts,0,192.0,,,Vehicle Routing Optimization Methods,Industrial and Manufacturing Engineering,Engineering,Physical Sciences,true,green,repository,false,English,US; NL,false
Gemini,Reinforcement Learning,2026-04-27 19:00:00,OpenAlex,https://openalex.org/W3006025420,https://doi.org/10.1109/iccv.2019.00880,Learning to Paint With Model-Based Deep Reinforcement Learning,,2019,article,,Zhewei Huang; Shuchang Zhou; Wen Heng,Megvii (China); Peking University,54,164.0,7.6546,0.97897012,Generative Adversarial Networks and Image Synthesis,Computer Vision and Pattern Recognition,Computer Science,Physical Sciences,false,closed,,false,English,CN,true
Gemini,Reinforcement Learning,2026-04-27 19:00:00,OpenAlex,https://openalex.org/W2768978543,https://doi.org/10.48550/arxiv.1711.09602,Deep Reinforcement Learning for Sepsis Treatment,Cornell University,2017,preprint,arXiv,Aniruddh Raghu; Matthieu Komorowski; Imran Ahmed; Leo Anthony Celi; Peter Szolovits; Marzyeh Ghassemi,,12,47.0,,,Sepsis Diagnosis and Treatment,Epidemiology,Medicine,Health Sciences,true,green,repository,false,English,Unknown,false
Gemini,Reinforcement Learning,2026-04-27 19:00:00,OpenAlex,https://openalex.org/W3088749011,https://doi.org/10.2139/ssrn.3690996,Deep Reinforcement Learning for Automated Stock Trading: An Ensemble Strategy,RELX Group (Netherlands),2020,article,SSRN Electronic Journal,Hongyang Yang; Xiao-Yang Liu; Shan Zhong; Anwar Walid,Columbia University,0,102.0,,,Stock Market Forecasting Methods,Management Science and Operations Research,Decision Sciences,Social Sciences,true,green,repository,false,English,US,false
Gemini,Reinforcement Learning,2026-04-27 19:00:00,OpenAlex,https://openalex.org/W4221152848,https://doi.org/10.48550/arxiv.2201.07207,Language Models as Zero-Shot Planners: Extracting Actionable Knowledge for Embodied Agents,Cornell University,2022,preprint,arXiv,Wenlong Huang; Pieter Abbeel; Deepak Pathak; Igor Mordatch,,0,160.0,,,Multimodal Machine Learning Applications,Computer Vision and Pattern Recognition,Computer Science,Physical Sciences,true,green,repository,false,English,Unknown,false
Gemini,Reinforcement Learning,2026-04-27 19:00:00,OpenAlex,https://openalex.org/W4291960900,https://doi.org/10.48550/arxiv.2208.06193,Diffusion Policies as an Expressive Policy Class for Offline Reinforcement Learning,Cornell University,2022,preprint,arXiv,Zhendong Wang; Jonathan J. Hunt; Mingyuan Zhou,,0,33.0,,,Reinforcement Learning in Robotics,Artificial Intelligence,Computer Science,Physical Sciences,true,green,repository,false,English,Unknown,false
Gemini,Reinforcement Learning,2026-04-27 19:00:00,OpenAlex,https://openalex.org/W4302305863,https://doi.org/10.48550/arxiv.2210.01241,"Is Reinforcement Learning (Not) for Natural Language Processing: Benchmarks, Baselines, and Building Blocks for Natural Language Policy Optimization",Cornell University,2022,preprint,arXiv,Rajkumar Ramamurthy; Prithviraj Ammanabrolu; Kianté Brantley; Jack Hessel; Rafet Sifa; Christian Bauckhage; Hannaneh Hajishirzi; Yejin Choi,,0,54.0,,,Topic Modeling,Artificial Intelligence,Computer Science,Physical Sciences,true,green,repository,false,English,Unknown,false
Gemini,Reinforcement Learning,2026-04-27 19:00:00,OpenAlex,https://openalex.org/W3164005523,https://doi.org/10.1016/j.artint.2021.103535,Reward is enough,Elsevier,2021,article,Artificial Intelligence,David Silver; Satinder Singh; Doina Precup; Richard S. Sutton,,86,380.0,40.2998,0.9986366,Reinforcement Learning in Robotics,Artificial Intelligence,Computer Science,Physical Sciences,true,hybrid,journal,false,English,Unknown,false
Gemini,Reinforcement Learning,2026-04-27 19:00:00,OpenAlex,https://openalex.org/W2900928600,https://doi.org/10.48550/arxiv.1811.07819,Learning Actionable Representations with Goal-Conditioned Policies,Cornell University,2018,preprint,arXiv,Dibya Ghosh; Abhishek Gupta; Sergey Levine,"University of California, Berkeley",29,7.0,,,Reinforcement Learning in Robotics,Artificial Intelligence,Computer Science,Physical Sciences,true,green,repository,false,English,US,false
Gemini,Reinforcement Learning,2026-04-27 19:00:00,OpenAlex,https://openalex.org/W567721252,,Universal Value Function Approximators,,2015,article,,Tom Schaul; Daniel Horgan; Karol Gregor; David Silver,DeepMind (United Kingdom); Google (United Kingdom),24,612.0,46.2939,0.9983344,Reinforcement Learning in Robotics,Artificial Intelligence,Computer Science,Physical Sciences,false,closed,,false,English,GB,false
Gemini,Reinforcement Learning,2026-04-27 19:00:00,OpenAlex,https://openalex.org/W4315706776,https://doi.org/10.48550/arxiv.2301.04104,Mastering Diverse Domains through World Models,Cornell University,2023,preprint,arXiv,Danijar Hafner; Jurgis Pašukonis; Jimmy Ba; Timothy Lillicrap,,0,92.0,,,Machine Learning and Data Classification,Artificial Intelligence,Computer Science,Physical Sciences,true,green,repository,false,English,Unknown,false
Gemini,Reinforcement Learning,2026-04-27 19:00:00,OpenAlex,https://openalex.org/W3035525746,https://doi.org/10.48550/arxiv.2006.06958,Understanding the Role of Training Regimes in Continual Learning,Cornell University,2020,preprint,arXiv,Seyed Iman Mirzadeh; Mehrdad Farajtabar; Razvan Pascanu; Hassan Ghasemzadeh,,38,91.0,,,Domain Adaptation and Few-Shot Learning,Artificial Intelligence,Computer Science,Physical Sciences,true,green,repository,false,English,Unknown,false
Gemini,Reinforcement Learning,2026-04-27 19:00:00,OpenAlex,https://openalex.org/W2772721022,https://doi.org/10.48550/arxiv.1712.01275,A Deeper Look at Experience Replay,Cornell University,2017,preprint,arXiv,Shangtong Zhang; Richard S. Sutton,,12,185.0,,,Reinforcement Learning in Robotics,Artificial Intelligence,Computer Science,Physical Sciences,true,green,repository,false,English,Unknown,false
Gemini,Reinforcement Learning,2026-04-27 19:00:00,OpenAlex,https://openalex.org/W4286748781,https://doi.org/10.48550/arxiv.2103.01955,"The Surprising Effectiveness of PPO in Cooperative, Multi-Agent Games",Cornell University,2021,preprint,arXiv,"Chao Yu; Akash Velu; Eugene Vinitsky; Gao, Jiaxuan; Yu Wang; Alexandre M. Bayen; Yi Wu",,0,588.0,,,Reinforcement Learning in Robotics,Artificial Intelligence,Computer Science,Physical Sciences,true,green,repository,false,English,Unknown,false
Gemini,Reinforcement Learning,2026-04-27 19:00:00,OpenAlex,https://openalex.org/W2776126823,https://doi.org/10.48550/arxiv.1712.07305,Revisiting the Master-Slave Architecture in Multi-Agent Deep Reinforcement Learning,Cornell University,2017,preprint,arXiv,Xiangyu Kong; Bo Xin; Fangchen Liu; Yizhou Wang,,22,45.0,,,Reinforcement Learning in Robotics,Artificial Intelligence,Computer Science,Physical Sciences,true,green,repository,false,English,Unknown,false
Gemini,Reinforcement Learning,2026-04-27 19:00:00,OpenAlex,https://openalex.org/W2785315072,https://doi.org/10.48550/arxiv.1802.05438,Mean Field Multi-Agent Reinforcement Learning,Cornell University,2018,preprint,arXiv,Yaodong Yang; Rui Luo; Minne Li; Ming Zhou; Weinan Zhang; Jun Wang,,50,247.0,,,Game Theory and Applications,Management Science and Operations Research,Decision Sciences,Social Sciences,true,green,repository,false,English,Unknown,false
Gemini,Reinforcement Learning,2026-04-27 19:00:00,OpenAlex,https://openalex.org/W2574978968,https://doi.org/10.1126/science.aam6960,DeepStack: Expert-level artificial intelligence in heads-up no-limit poker,American Association for the Advancement of Science,2017,article,Science,Matej Moravčík; Martin Schmid; Neil Burch; Viliam Lisý; Dustin Morrill; Nolan Bard; Trevor Davis; Kevin Waugh; Michael Johanson; Michael Bowling,University of Alberta; Charles University; Czech Technical University in Prague,28,799.0,69.8397,0.99905206,Artificial Intelligence in Games,Artificial Intelligence,Computer Science,Physical Sciences,true,green,journal,false,English,CA; CZ,false
